id,feature,screen,user_story,expected_behavior,edge_cases,status,error_notes,test_file,priority
SPLASH-001,Splash/Onboarding,SplashView,"As a new user, I want to see an onboarding experience when I first open the app, so that I understand the app's value proposition","- App shows 3 onboarding slides on first launch\n- Slides: Live Tours (gold), Verified (blue), Support (green)\n- Each slide has frosted glass bottom dock with title and description\n- User can swipe between slides\n- Background images load correctly","- First launch only (has_seen_onboarding persisted)\n- Returning user skips onboarding\n- Very slow image loading\n- Screen rotation during onboarding",not_tested,'Splash controller uses late fields (fixed to nullable); auth initial state handling added',test/features/splash/presentation/views/splash_view_test.dart,P0
SPLASH-002,Splash/Onboarding,SplashView,"As a new user, I want to navigate through onboarding slides using Next/Back buttons, so that I can control the pace","- Next button advances to next slide\n- Back button returns to previous slide\n- Back button hidden on first slide\n- Next button changes to 'Get Started' on last slide\n- Skip button jumps directly to auth","- Rapid button tapping\n- Swipe + button tap combination\n- Back from second slide goes to first",not_tested,'Splash controller uses late fields (fixed to nullable); auth initial state handling added',test/features/splash/presentation/views/splash_view_test.dart,P0
SPLASH-003,Splash/Onboarding,SplashView,"As a new user, I want to skip onboarding if I'm not interested, so that I can start using the app immediately","- Skip button visible on all slides\n- Tapping skip navigates to /phone-entry\n- has_seen_onboarding set to true in GetStorage\n- Subsequent app opens skip onboarding","- Skip during slide transition animation\n- Storage write failure",not_tested,'Splash controller uses late fields (fixed to nullable); auth initial state handling added',test/features/splash/presentation/views/splash_view_test.dart,P0
AUTH-001,Auth/Phone Entry,PhoneEntryView,"As a user, I want to enter my phone number or email to start authentication, so that I can access the app","- Input field accepts both email and phone formats\n- Auto-detects input type (email vs phone)\n- Shows appropriate keyboard type\n- Continue button enabled only with valid input\n- Validation shake animation on invalid input","- Empty input submission\n- Invalid email format\n- Invalid phone format\n- Very long input strings\n- Special characters in input",fixed,"Multiple auth errors found and fixed: signup resendOtp wrong method, null crash in forgot password, incomplete redirect args, phone numbers logged in plaintext, back button loading guard, duplicate error display, post-reset navigation",test/features/auth/presentation/controllers/phone_entry_controller_test.dart,P0
AUTH-002,Auth/Phone Entry,PhoneEntryView,"As a user, I want to sign in with Google, so that I can quickly authenticate without creating a new account","- Google Sign-In button visible\n- Triggers Google OAuth flow\n- On success, checks identifier status and routes appropriately\n- On failure, shows error toast\n- Last used method hint displayed","- Google account with no email\n- User cancels Google flow\n- Network error during OAuth\n- Google services unavailable",fixed,"Multiple auth errors found and fixed: signup resendOtp wrong method, null crash in forgot password, incomplete redirect args, phone numbers logged in plaintext, back button loading guard, duplicate error display, post-reset navigation",test/features/auth/presentation/controllers/phone_entry_controller_test.dart,P0
AUTH-003,Auth/Phone Entry,PhoneEntryView,"As a user, I want to sign in with Apple, so that I can use my Apple ID on iOS devices","- Apple Sign-In button visible (iOS only)\n- Triggers Apple OAuth flow\n- On success, routes based on account status\n- On failure, shows error toast\n- Handles Apple's Hide My Email","- User cancels Apple flow\n- Apple ID with restricted email\n- Non-iOS device (button hidden)",fixed,"Multiple auth errors found and fixed: signup resendOtp wrong method, null crash in forgot password, incomplete redirect args, phone numbers logged in plaintext, back button loading guard, duplicate error display, post-reset navigation",test/features/auth/presentation/controllers/phone_entry_controller_test.dart,P0
AUTH-004,Auth/Phone Entry,PhoneEntryView,"As a returning user, I want to be routed to login if my account exists, or signup if it doesn't, so that I have a seamless entry","- After identifier entry, calls checkIdentifierStatus()\n- Existing account → /login\n- New account → /signup\n- Loading state while checking\n- Error handling for API failure","- Very slow API response\n- Account exists but is deactivated\n- Concurrent identifier checks",fixed,"Multiple auth errors found and fixed: signup resendOtp wrong method, null crash in forgot password, incomplete redirect args, phone numbers logged in plaintext, back button loading guard, duplicate error display, post-reset navigation",test/features/auth/presentation/controllers/phone_entry_controller_test.dart,P0
AUTH-005,Auth/Login,LoginView,"As a returning user, I want to log in with my email/phone and password, so that I can access my account","- Shows identifier as banner\n- Password field with visibility toggle\n- Login button submits credentials\n- Success → dashboard\n- Error → appropriate error message\n- Loading indicator during login","- Wrong password\n- Empty password\n- Account locked\n- Network timeout during login\n- Very long password",fixed,"Multiple auth errors found and fixed: signup resendOtp wrong method, null crash in forgot password, incomplete redirect args, phone numbers logged in plaintext, back button loading guard, duplicate error display, post-reset navigation",test/features/auth/presentation/controllers/login_controller_test.dart,P0
AUTH-006,Auth/Login,LoginView,"As a user, I want to log in with OTP instead of password, so that I have an alternative authentication method","- OTP option available on login screen\n- Sends OTP to registered phone/email\n- 6-digit OTP input field\n- OTP auto-fill support (Android SMS)\n- Verify button submits OTP\n- Success → dashboard","- OTP expiry\n- Invalid OTP entry\n- Resend OTP cooldown\n- Multiple OTP requests\n- OTP auto-fill fails",fixed,"Multiple auth errors found and fixed: signup resendOtp wrong method, null crash in forgot password, incomplete redirect args, phone numbers logged in plaintext, back button loading guard, duplicate error display, post-reset navigation",test/features/auth/presentation/controllers/login_controller_test.dart,P0
AUTH-007,Auth/Login,LoginView,"As a user, I want to navigate to forgot password from the login screen, so that I can reset my credentials","- 'Forgot Password' link visible on login screen\n- Tapping navigates to /forgot-password\n- Works from both password and OTP steps","- Rapid tapping\n- Navigation during loading state",fixed,"Multiple auth errors found and fixed: signup resendOtp wrong method, null crash in forgot password, incomplete redirect args, phone numbers logged in plaintext, back button loading guard, duplicate error display, post-reset navigation",test/features/auth/presentation/controllers/login_controller_test.dart,P1
AUTH-008,Auth/Login,LoginView,"As a user, I want to see clear error messages when login fails, so that I know what went wrong","- Wrong password: 'Incorrect password' message\n- Network error: 'Connection failed' message\n- Account not found: redirect to signup\n- ErrorMapper used for consistent error display\n- Shake animation on error","- Multiple rapid failed attempts\n- Server returns 500 error\n- Token refresh failure during login",fixed,"Multiple auth errors found and fixed: signup resendOtp wrong method, null crash in forgot password, incomplete redirect args, phone numbers logged in plaintext, back button loading guard, duplicate error display, post-reset navigation",test/features/auth/presentation/controllers/login_controller_test.dart,P0
AUTH-009,Auth/Login,LoginView,"As a user, I want to toggle password visibility, so that I can verify what I'm typed","- Eye icon toggles password visibility\n- Default state: obscured\n- Toggle state: visible text\n- Icon changes accordingly","- Rapid toggling\n- Password field empty when toggled",fixed,"Multiple auth errors found and fixed: signup resendOtp wrong method, null crash in forgot password, incomplete redirect args, phone numbers logged in plaintext, back button loading guard, duplicate error display, post-reset navigation",test/features/auth/presentation/controllers/login_controller_test.dart,P2
AUTH-010,Auth/Signup,SignUpView,"As a new user, I want to create an account with my personal info, so that I can join the platform","- Step 1: Full name, secondary identifier (phone if email used, email if phone used), date of birth\n- Progress bar shows current step\n- Next button validates before advancing\n- Step 2: Password with strength bar, confirm password\n- Step 3: OTP verification","- Very long name\n- Name with special characters\n- DOB in the future\n- DOB making user < 18\n- Same email and phone",fixed,"Multiple auth errors found and fixed: signup resendOtp wrong method, null crash in forgot password, incomplete redirect args, phone numbers logged in plaintext, back button loading guard, duplicate error display, post-reset navigation",test/features/auth/presentation/controllers/signup_controller_test.dart,P0
AUTH-011,Auth/Signup,SignUpView,"As a new user, I want to see password strength feedback, so that I can create a secure password","- Password strength bar updates in real-time\n- Color coding: weak (red), medium (yellow), strong (green)\n- Minimum length enforced\n- Submit disabled until password meets requirements","- Paste password\n- Very long password\n- Password with only spaces\n- Unicode characters in password",fixed,"Multiple auth errors found and fixed: signup resendOtp wrong method, null crash in forgot password, incomplete redirect args, phone numbers logged in plaintext, back button loading guard, duplicate error display, post-reset navigation",test/features/auth/presentation/controllers/signup_controller_test.dart,P1
AUTH-012,Auth/Signup,SignUpView,"As a new user, I want to verify my phone/email via OTP during signup, so that my identity is confirmed","- OTP sent after password step\n- 6-digit input field\n- Resend button with cooldown timer\n- Auto-submit on complete OTP entry\n- Success → profile completion or dashboard\n- Failure → retry option","- OTP never arrives\n- Expired OTP\n- Wrong OTP multiple times\n- Network loss during verification",fixed,"Multiple auth errors found and fixed: signup resendOtp wrong method, null crash in forgot password, incomplete redirect args, phone numbers logged in plaintext, back button loading guard, duplicate error display, post-reset navigation",test/features/auth/presentation/controllers/signup_controller_test.dart,P0
AUTH-013,Auth/Signup,SignUpView,"As a new user, I want to accept terms and conditions before signing up, so that I'm aware of the platform policies","- Terms checkbox required before submission\n- Links to Terms of Service and Privacy Policy\n- Submit blocked until checkbox checked\n- Checkbox state persists during form navigation","- Checkbox unchecked after being checked\n- Navigate to terms and come back",fixed,"Multiple auth errors found and fixed: signup resendOtp wrong method, null crash in forgot password, incomplete redirect args, phone numbers logged in plaintext, back button loading guard, duplicate error display, post-reset navigation",test/features/auth/presentation/controllers/signup_controller_test.dart,P1
AUTH-014,Auth/Signup,SignUpView,"As a new user, I want to be guided through a clear multi-step signup flow, so that I don't feel overwhelmed","- Progress indicator shows step 1/2/3\n- Back button returns to previous step\n- Form data preserved when going back\n- Clear step titles and descriptions\n- Smooth transitions between steps","- Browser back button\n- Navigate away mid-signup\n- Form cleared on back navigation",fixed,"Multiple auth errors found and fixed: signup resendOtp wrong method, null crash in forgot password, incomplete redirect args, phone numbers logged in plaintext, back button loading guard, duplicate error display, post-reset navigation",test/features/auth/presentation/controllers/signup_controller_test.dart,P1
AUTH-015,Auth/Forgot Password,ForgotPasswordView,"As a user, I want to reset my password via OTP, so that I can regain access to my account","- Step 1: Enter email/phone identifier\n- Step 2: Verify OTP (6-digit)\n- Step 3: Enter new password + confirm\n- Masked identifier display (e.g., j***@email.com)\n- Success → redirect to login\n- Password validation same as signup","- Account doesn't exist\n- OTP expired\n- New password same as old\n- Passwords don't match\n- Very fast step progression",fixed,"Multiple auth errors found and fixed: signup resendOtp wrong method, null crash in forgot password, incomplete redirect args, phone numbers logged in plaintext, back button loading guard, duplicate error display, post-reset navigation",test/features/auth/presentation/controllers/forgot_password_controller_test.dart,P0
AUTH-016,Auth/Forgot Password,ForgotPasswordView,"As a user, I want to see my identifier masked during password reset, so that my privacy is protected","- Email shows as j***@email.com\n- Phone shows as +91*****1234\n- Masking applied consistently\n- Display updates correctly","- Short email (a@b.com)\n- Very long email\n- Phone with country code",fixed,"Multiple auth errors found and fixed: signup resendOtp wrong method, null crash in forgot password, incomplete redirect args, phone numbers logged in plaintext, back button loading guard, duplicate error display, post-reset navigation",test/features/auth/presentation/controllers/forgot_password_controller_test.dart,P1
AUTH-017,Auth/Set Password,SetPasswordView,"As a user who logged in via OTP only, I want to set a password, so that I can use password login in the future","- Mandatory screen (non-skippable, no back button)\n- Account hint banner shown\n- Password with strength bar\n- Confirm password field\n- Success → dashboard\n- Supabase updateUser called","- Weak password attempt\n- Passwords don't match\n- Network error during update\n- User tries to go back",fixed,"Multiple auth errors found and fixed: signup resendOtp wrong method, null crash in forgot password, incomplete redirect args, phone numbers logged in plaintext, back button loading guard, duplicate error display, post-reset navigation",test/features/auth/presentation/controllers/set_password_controller_test.dart,P0
AUTH-018,Auth/Set Password,SetPasswordView,"As a user, I want password strength validation on the set password screen, so that my account is secure","- Same strength bar as signup\n- Minimum requirements enforced\n- Submit disabled until valid\n- Visual feedback for strength levels","- Paste long password\n- All numeric password\n- Common password patterns",fixed,"Multiple auth errors found and fixed: signup resendOtp wrong method, null crash in forgot password, incomplete redirect args, phone numbers logged in plaintext, back button loading guard, duplicate error display, post-reset navigation",test/features/auth/presentation/controllers/set_password_controller_test.dart,P1
AUTH-019,Auth/Profile Completion,ProfileCompletionView,"As a new user, I want to complete my profile after signup, so that the app can personalize my experience","- Full name, email, DOB fields\n- Purpose selector: Rent or Buy cards\n- Skip button available (but purpose required)\n- Phone addition sub-screen for Google-only users\n- Success → dashboard\n- Profile data saved to backend","- Empty required fields\n- Invalid DOB\n- Google user without phone\n- Skip without selecting purpose\n- Network error during save",fixed,"Multiple auth errors found and fixed: signup resendOtp wrong method, null crash in forgot password, incomplete redirect args, phone numbers logged in plaintext, back button loading guard, duplicate error display, post-reset navigation",test/features/auth/presentation/controllers/profile_completion_controller_test.dart,P0
AUTH-020,Auth/Profile Completion,ProfileCompletionView,"As a Google-only user, I want to add my phone number during profile completion, so that my account is fully set up","- Add phone sub-screen with OTP\n- Phone field with country code\n- OTP verification\n- Skip option available\n- Phone linked to Supabase account","- Invalid phone number\n- OTP failure\n- Phone already linked to another account\n- Skip then later add phone",fixed,"Multiple auth errors found and fixed: signup resendOtp wrong method, null crash in forgot password, incomplete redirect args, phone numbers logged in plaintext, back button loading guard, duplicate error display, post-reset navigation",test/features/auth/presentation/controllers/profile_completion_controller_test.dart,P1
AUTH-021,Auth/Profile Completion,ProfileCompletionView,"As a user, I want to select whether I'm looking to rent or buy, so that the app shows me relevant properties","- Rent and Buy cards displayed\n- Visual selection state (highlighted card)\n- Selection persisted to backend\n- Affects property filtering across app\n- Can be changed later in preferences","- Neither selected\n- Change selection later\n- Selection not persisted",fixed,"Multiple auth errors found and fixed: signup resendOtp wrong method, null crash in forgot password, incomplete redirect args, phone numbers logged in plaintext, back button loading guard, duplicate error display, post-reset navigation",test/features/auth/presentation/controllers/profile_completion_controller_test.dart,P1
DASH-001,Dashboard,DashboardView,"As an authenticated user, I want a bottom navigation bar with 6 tabs, so that I can quickly switch between main features","- 6 tabs: Profile, Explore, Discover, Likes, Visits, Assistant\n- Current tab highlighted\n- IndexedStack preserves tab state\n- Tab switching doesn't reload content\n- Smooth transitions","- Rapid tab switching\n- Deep link while on a tab\n- Tab state after app background/foreground\n- Back button behavior",fixed,"Stats not cleared on logout, concurrent load guard missing, eager tab instantiation, auth status initial handling",test/features/dashboard/presentation/views/dashboard_view_test.dart,P0
DASH-002,Dashboard,DashboardView,"As a user, I want tab state to sync with the route, so that navigation is consistent","- routingCallback syncs tab index with current route\n- Back button returns to previous tab\n- Direct route navigation selects correct tab\n- Stats tracking per tab (properties viewed, liked, searches)","- Navigate to nested route from tab\n- Deep link to property from external source\n- Multiple rapid route changes",fixed,"Stats not cleared on logout, concurrent load guard missing, eager tab instantiation, auth status initial handling",test/features/dashboard/presentation/views/dashboard_view_test.dart,P0
DASH-003,Dashboard,DashboardView,"As a user, I want to see local stats on my dashboard, so that I can track my activity","- Properties viewed count\n- Liked properties count\n- Searches count\n- Recent activity timeline\n- Stats persisted locally via GetStorage","- Stats reset on app reinstall\n- Very high numbers display correctly\n- Stats not syncing with backend",fixed,"Stats not cleared on logout, concurrent load guard missing, eager tab instantiation, auth status initial handling",test/features/dashboard/presentation/views/dashboard_view_test.dart,P2
DASH-004,Dashboard,DashboardView,"As a user, I want the dashboard to remember my last active tab, so that I resume where I left off","- Last tab persisted in local storage\n- On app reopen, last tab is selected\n- Deep links override last tab\n- Default to Discover tab on first launch","- Deep link followed by app reopen\n- Tab persistence across app updates\n- Storage corruption",fixed,"Stats not cleared on logout, concurrent load guard missing, eager tab instantiation, auth status initial handling",test/features/dashboard/presentation/views/dashboard_view_test.dart,P1
DISC-001,Discover,DiscoverView,"As a user, I want to see a stack of property cards to swipe through, so that I can discover new properties","- Up to 3 cards visible in stack\n- Top card fully visible, cards behind slightly offset\n- Property image, title, price, beds/baths/area shown\n- Loading skeleton while fetching\n- Pull-to-refresh loads new properties\n- Session stats tracked (swipes, likes, pass rate)","- No properties available (empty state)\n- Only 1-2 properties left\n- Very slow image loading\n- Extremely long property descriptions",fixed,"RangeError in nextProperties, XSS in tour URLs, redundant error mapping, progress always 0",test/features/discover/presentation/controllers/discover_controller_test.dart,P0
DISC-002,Discover,DiscoverView,"As a user, I want to swipe right to like a property, so that I can save it to my favorites","- Swipe right gesture recognized\n- Card animates off screen to the right\n- Heart/like icon shown during swipe\n- Swipe recorded via POST /swipes (is_liked=true)\n- Next card becomes top card\n- Property added to Likes tab","- Swipe cancelled mid-gesture\n- Network error during swipe recording\n- Very slow swipe (partial gesture)\n- Swipe while loading",fixed,"RangeError in nextProperties, XSS in tour URLs, redundant error mapping, progress always 0",test/features/discover/presentation/controllers/discover_controller_test.dart,P0
DISC-003,Discover,DiscoverView,"As a user, I want to swipe left to pass on a property, so that I can move to the next one","- Swipe left gesture recognized\n- Card animates off screen to the left\n- X/pass icon shown during swipe\n- Swipe recorded via POST /swipes (is_liked=false)\n- Next card becomes top card\n- Property added to Passed section in Likes","- Swipe cancelled mid-gesture\n- Network error during swipe recording\n- Undo pass not available",fixed,"RangeError in nextProperties, XSS in tour URLs, redundant error mapping, progress always 0",test/features/discover/presentation/controllers/discover_controller_test.dart,P0
DISC-004,Discover,DiscoverView,"As a user, I want to swipe up to view property details, so that I can see more information","- Swipe up gesture recognized\n- Navigates to PropertyDetailsView\n- Property data passed as argument\n- Back returns to discover with same card state","- Swipe up + right/left conflict\n- Details loading failure\n- Back navigation restores card stack",fixed,"RangeError in nextProperties, XSS in tour URLs, redundant error mapping, progress always 0",test/features/discover/presentation/controllers/discover_controller_test.dart,P1
DISC-005,Discover,DiscoverView,"As a user, I want new properties to be prefetched when my stack gets low, so that I don't run out of cards","- Prefetch triggered when ≤3 cards remaining\n- Loading indicator shown during prefetch\n- New cards appended seamlessly\n- No duplicate properties shown\n- Offline queue for failed swipes","- Network error during prefetch\n- All properties exhausted\n- Very fast swiping depleting queue\n- Duplicate property IDs in response",fixed,"RangeError in nextProperties, XSS in tour URLs, redundant error mapping, progress always 0",test/features/discover/presentation/controllers/discover_controller_test.dart,P0
DISC-006,Discover,DiscoverView,"As a user, I want to filter properties while swiping, so that I see only relevant results","- Filter button in top bar\n- Filter bottom sheet with options\n- Filters: property type, price range, bedrooms, bathrooms, area\n- Filters persisted in PageFilterManager\n- Applying filters resets deck and fetches new set","- All filters at extremes (no results)\n- Rapid filter changes\n- Filters persist across sessions\n- Clear all filters",fixed,"RangeError in nextProperties, XSS in tour URLs, redundant error mapping, progress always 0",test/features/discover/presentation/controllers/discover_controller_test.dart,P0
DISC-007,Discover,DiscoverView,"As a user, I want to see an empty state when no properties match my filters, so that I understand why","- Empty state illustration shown\n- Clear message explaining no results\n- Suggestion to adjust filters\n- Button to clear filters\n- Retry option","- Empty after filtering vs truly no properties\n- Empty state animation\n- Return to non-empty state after clearing filters",fixed,"RangeError in nextProperties, XSS in tour URLs, redundant error mapping, progress always 0",test/features/discover/presentation/controllers/discover_controller_test.dart,P1
DISC-008,Discover,DiscoverView,"As a user, I want to see an embedded 360° tour preview on swipe cards, so that I can get a quick immersive look","- 360° tour button on cards that have tours\n- Inline WebView preview\n- Loading indicator for tour\n- Tap to open full tour view","- Tour URL unavailable\n- WebView crash\n- Tour loading timeout\n- No tour available for property",fixed,"RangeError in nextProperties, XSS in tour URLs, redundant error mapping, progress always 0",test/features/discover/presentation/controllers/discover_controller_test.dart,P1
EXPLORE-001,Explore,ExploreView,"As a user, I want to see properties on a map, so that I can discover properties by location","- MapLibre map with OpenFreeMap tiles\n- Property markers with price chips\n- Markers cluster at zoom levels\n- Tap marker to highlight property\n- Current location button\n- Zoom in/out controls","- No properties in view\n- Very dense area (many markers)\n- Map fails to load tiles\n- Location permission denied\n- Offline map behavior",fixed,"Map destroyed on search toggle, toggleLike bypasses PageStateService, concurrent initialization race, loadingMore never implemented",test/features/explore/presentation/controllers/explore_controller_test.dart,P0
EXPLORE-002,Explore,ExploreView,"As a user, I want a horizontal property list at the bottom of the map, so that I can browse while viewing locations","- Horizontal scrollable property cards\n- Cards synced with map markers\n- Tap card → property details\n- Collapse/expand panel\n- Responsive: side panel on tablet","- No properties in view\n- Very long property list\n- Panel collapse during scroll\n- Responsive layout switching",fixed,"Map destroyed on search toggle, toggleLike bypasses PageStateService, concurrent initialization race, loadingMore never implemented",test/features/explore/presentation/controllers/explore_controller_test.dart,P0
EXPLORE-003,Explore,ExploreView,"As a user, I want to search for a location on the map, so that I can focus on a specific area","- Search bar at top of explore\n- Navigates to LocationSearchView\n- Selected location centers map\n- Search radius applied to property query\n- Clear search returns to default view","- Search for location with no properties\n- Very specific address search\n- Search and then pan away",fixed,"Map destroyed on search toggle, toggleLike bypasses PageStateService, concurrent initialization race, loadingMore never implemented",test/features/explore/presentation/controllers/explore_controller_test.dart,P1
EXPLORE-004,Explore,ExploreView,"As a user, I want to filter properties on the explore map, so that I see only relevant listings","- Same filter system as Discover\n- Filters affect map markers and list\n- Filter state synced with PageFilterManager\n- Apply/clear filters","- Filters result in no properties\n- Rapid filter changes\n- Filter state shared between Discover and Explore",fixed,"Map destroyed on search toggle, toggleLike bypasses PageStateService, concurrent initialization race, loadingMore never implemented",test/features/explore/presentation/controllers/explore_controller_test.dart,P1
EXPLORE-005,Explore,ExploreView,"As a user, I want to use my current location on the explore map, so that I see properties near me","- My Location button on map\n- Requests location permission if needed\n- Centers map on GPS location\n- Fetches properties in radius\n- Handles permission denied gracefully","- GPS disabled\n- Permission denied permanently\n- Indoor location (poor accuracy)\n- Location changes while viewing",fixed,"Map destroyed on search toggle, toggleLike bypasses PageStateService, concurrent initialization race, loadingMore never implemented",test/features/explore/presentation/controllers/explore_controller_test.dart,P0
EXPLORE-006,Explore,ExploreView,"As a tablet user, I want a two-pane layout on the explore screen, so that I can see the map and list side by side","- iPad: map on left, property list on right\n- Phone: map with bottom panel\n- WindowSizeClass determines layout\n- Responsive breakpoints: compact/medium/expanded\n- Smooth transition on resize","- Rotation between portrait/landscape\n- Split view on iPad\n- Very narrow window (compact threshold)",fixed,"Map destroyed on search toggle, toggleLike bypasses PageStateService, concurrent initialization race, loadingMore never implemented",test/features/explore/presentation/controllers/explore_controller_test.dart,P1
LIKE-001,Likes,LikesView,"As a user, I want to see my liked properties, so that I can review them later","- Liked tab selected by default\n- Grid view of liked property cards\n- Masonry grid: 2 columns phone, 3-4 tablet\n- Property cards show image, title, price\n- Tap card → property details\n- Infinite scroll pagination","- No liked properties (empty state)\n- Very many liked properties (performance)\n- Property removed from backend\n- Very long property titles",fixed,"Silent failure on favorite toggle, badge only on active segment, no loading during optimistic update",test/features/likes/presentation/controllers/likes_controller_test.dart,P0
LIKE-002,Likes,LikesView,"As a user, I want to see my passed properties, so that I can reconsider them","- Passed tab via segmented control\n- Same grid layout as Liked\n- Can toggle favorite from passed to liked\n- Infinite scroll pagination","- No passed properties\n- Toggle between liked and passed rapidly\n- Same property in both lists (edge case)",fixed,"Silent failure on favorite toggle, badge only on active segment, no loading during optimistic update",test/features/likes/presentation/controllers/likes_controller_test.dart,P1
LIKE-003,Likes,LikesView,"As a user, I want to search within my liked properties, so that I can find specific ones quickly","- Search bar at top\n- Filter by text (title, location)\n- Real-time filtering as typing\n- Clear search button\n- Results update instantly","- Search with no results\n- Special characters in search\n- Very long search query\n- Search during loading",fixed,"Silent failure on favorite toggle, badge only on active segment, no loading during optimistic update",test/features/likes/presentation/controllers/likes_controller_test.dart,P1
LIKE-004,Likes,LikesView,"As a user, I want to filter my liked properties, so that I can narrow down my selection","- Filter bottom sheet\n- Property type, price range, location filters\n- Filters applied to liked list\n- Clear filters option","- Filters result in no matches\n- Apply same filters as discover\n- Filter state persistence",fixed,"Silent failure on favorite toggle, badge only on active segment, no loading during optimistic update",test/features/likes/presentation/controllers/likes_controller_test.dart,P1
LIKE-005,Likes,LikesView,"As a user, I want to toggle a property's favorite status from the likes screen, so that I can manage my favorites","- Heart icon on each card\n- Tap to unlike (remove from liked)\n- Confirmation or undo option\n- API call to update swipe\n- Card removal animation","- Unlike while offline\n- Unlike during pagination load\n- Rapid toggle",fixed,"Silent failure on favorite toggle, badge only on active segment, no loading during optimistic update",test/features/likes/presentation/controllers/likes_controller_test.dart,P1
VISIT-001,Visits,VisitsView,"As a user, I want to see my upcoming visits, so that I can prepare for them","- Scheduled tab shows upcoming visits\n- Visit cards with date, time, property info\n- Agent card with contact info\n- Skeleton loaders during loading\n- Infinite scroll pagination","- No upcoming visits (empty state)\n- Visit date in the past (shouldn't appear)\n- Property deleted after scheduling\n- Agent unassigned",fixed,"Cancel/reschedule success without auth, pastVisitsList not cleared, no error state, perpetual skeleton, date calculation wrong near midnight, data cleared before refresh",test/features/visits/presentation/controllers/visits_controller_test.dart,P0
VISIT-002,Visits,VisitsView,"As a user, I want to see my past visits, so that I can review what I've seen","- Past tab via segmented control\n- Past visit cards with date, property\n- Status indicators (completed, cancelled, no-show)\n- Infinite scroll pagination","- No past visits\n- Very old visits\n- Mixed completed/cancelled visits",fixed,"Cancel/reschedule success without auth, pastVisitsList not cleared, no error state, perpetual skeleton, date calculation wrong near midnight, data cleared before refresh",test/features/visits/presentation/controllers/visits_controller_test.dart,P1
VISIT-003,Visits,VisitsView,"As a user, I want to reschedule a visit, so that I can change the date/time","- Reschedule button on upcoming visits\n- Date/time picker dialog\n- Available time slots\n- Confirmation after reschedule\n- API call: POST /visits/:id/reschedule\n- Visit card updates in-place","- Reschedule to past date\n- Reschedule during offline\n- Reschedule after max reschedules\n- Concurrent reschedule attempts\n- Date picker min/max bounds",fixed,"Cancel/reschedule success without auth, pastVisitsList not cleared, no error state, perpetual skeleton, date calculation wrong near midnight, data cleared before refresh",test/features/visits/presentation/controllers/visits_controller_test.dart,P0
VISIT-004,Visits,VisitsView,"As a user, I want to cancel a visit, so that I can free up the time slot","- Cancel button on upcoming visits\n- Confirmation dialog with reason\n- API call: POST /visits/:id/cancel\n- Visit moves to Past tab\n- Toast confirmation","- Cancel already cancelled visit\n- Cancel during offline\n- Cancel then try to reschedule\n- Reason field empty",fixed,"Cancel/reschedule success without auth, pastVisitsList not cleared, no error state, perpetual skeleton, date calculation wrong near midnight, data cleared before refresh",test/features/visits/presentation/controllers/visits_controller_test.dart,P0
VISIT-005,Visits,VisitsView,"As a user, I want to contact my agent via call or WhatsApp, so that I can discuss the visit","- Agent card with phone number\n- Call button opens phone dialer\n- WhatsApp button opens WhatsApp chat\n- Agent details (name, photo, phone)","- Agent phone number missing\n- WhatsApp not installed\n- International phone format\n- Agent card loading state",fixed,"Cancel/reschedule success without auth, pastVisitsList not cleared, no error state, perpetual skeleton, date calculation wrong near midnight, data cleared before refresh",test/features/visits/presentation/controllers/visits_controller_test.dart,P1
VISIT-006,Visits,VisitsView,"As a user, I want to schedule a visit from the property details page, so that I can book immediately after finding a property","- Schedule Visit button in property details\n- Bottom sheet dialog with date/time picker\n- Available time slots from API\n- Confirmation after scheduling\n- Visit appears in Visits tab","- Already have visit for this property\n- Schedule during offline\n- Property no longer available\n- Time slot just taken",fixed,"Cancel/reschedule success without auth, pastVisitsList not cleared, no error state, perpetual skeleton, date calculation wrong near midnight, data cleared before refresh",test/features/visits/presentation/controllers/visits_controller_test.dart,P0
PD-001,Property Details,PropertyDetailsView,"As a user, I want to view full property details, so that I can make an informed decision","- Image gallery with swipe navigation\n- Property title, price, beds/baths/area\n- Description with read more/less\n- Amenities section with icons\n- Property info section (type, age, floor, facing)\n- Pricing details section\n- Builder info section\n- Location map with directions button","- Property with missing fields\n- Very long description\n- No images available\n- Property removed from market\n- Very many amenities",fixed,"No retry on error, past date booking allowed, no loading during booking, empty image URL, WebView leak, tour buttons non-functional",test/features/property_details/presentation/controllers/property_details_controller_test.dart,P0
PD-002,Property Details,PropertyDetailsView,"As a user, I want to view a property's 360° virtual tour, so that I can experience it remotely","- Media hub with 360° tour badge\n- Tap to launch TourView (WebView)\n- Loading indicator while tour loads\n- Fullscreen mode available\n- Share tour link","- Tour URL broken\n- WebView compatibility issues\n- Very slow tour loading\n- No tour available",fixed,"No retry on error, past date booking allowed, no loading during booking, empty image URL, WebView leak, tour buttons non-functional",test/features/property_details/presentation/controllers/property_details_controller_test.dart,P0
PD-003,Property Details,PropertyDetailsView,"As a user, I want to like/unlike a property from the details page, so that I can save it to favorites","- Heart/favorite icon in header\n- Tap to toggle like state\n- Animated heart transition\n- API call: POST /swipes (is_liked)\n- State synced with Discover and Likes tabs","- Tap during loading\n- Network error during like\n- Like then immediately unlike\n- State not syncing across screens",fixed,"No retry on error, past date booking allowed, no loading during booking, empty image URL, WebView leak, tour buttons non-functional",test/features/property_details/presentation/controllers/property_details_controller_test.dart,P0
PD-004,Property Details,PropertyDetailsView,"As a user, I want to share a property link, so that I can send it to others","- Share button in header\n- Generates shareable link (/p/:id)\n- Uses share_plus package\n- Link opens app if installed, web if not\n- Deep link works without auth","- Share during loading\n- Very long property title in share text\n- Share to various apps\n- Link format correctness",fixed,"No retry on error, past date booking allowed, no loading during booking, empty image URL, WebView leak, tour buttons non-functional",test/features/property_details/presentation/controllers/property_details_controller_test.dart,P1
PD-005,Property Details,PropertyDetailsView,"As a user, I want to get directions to a property, so that I can visit it in person","- Directions button on map section\n- Opens Google Maps with property coordinates\n- Handles missing coordinates gracefully","- No coordinates available\n- Google Maps not installed\n- Very far property\n- Coordinates in wrong format",fixed,"No retry on error, past date booking allowed, no loading during booking, empty image URL, WebView leak, tour buttons non-functional",test/features/property_details/presentation/controllers/property_details_controller_test.dart,P1
PD-006,Property Details,PropertyDetailsView,"As a tablet user, I want a two-pane layout for property details, so that I can see more content at once","- iPad: image gallery on left, details on right\n- Phone: full-width scrollable layout\n- Responsive breakpoints\n- Smooth transition on resize","- Portrait/landscape rotation\n- Split view mode\n- Very narrow window",fixed,"No retry on error, past date booking allowed, no loading during booking, empty image URL, WebView leak, tour buttons non-functional",test/features/property_details/presentation/controllers/property_details_controller_test.dart,P2
PD-007,Property Details,PropertyDetailsView,"As a user, I want to access property details via deep link, so that I can open shared properties","- /p/:id and /property/:id routes work\n- No auth required (public access)\n- Property loaded by ID from API\n- Loading state while fetching\n- Error state for invalid/deleted property","- Invalid property ID\n- Deleted property\n- Very slow API response\n- Deep link while app in background\n- Auth required for like/schedule actions",fixed,"No retry on error, past date booking allowed, no loading during booking, empty image URL, WebView leak, tour buttons non-functional",test/features/property_details/presentation/controllers/property_details_controller_test.dart,P0
TOUR-001,360° Tour,TourView,"As a user, I want to view a 360° virtual tour in full screen, so that I can immerse myself in the property","- Full-screen WebView\n- JavaScript injection for Kuula tours\n- Touch gestures for pan/zoom\n- Loading indicator\n- Error fallback state","- Tour URL null/empty\n- WebView crashes\n- JavaScript injection fails\n- Very slow loading\n- Tour provider unavailable",fixed,"Share/fullscreen buttons non-functional, URL not sanitized before HTML embedding",test/features/tour/presentation/tour_view_test.dart,P0
TOUR-002,360° Tour,TourView,"As a user, I want to share a 360° tour link, so that I can send it to others","- Share button visible\n- Generates shareable tour URL\n- Uses share_plus package\n- Tour URL accessible in browser","- Share while tour loading\n- Tour URL very long\n- Share failure",fixed,"Share/fullscreen buttons non-functional, URL not sanitized before HTML embedding",test/features/tour/presentation/tour_view_test.dart,P1
TOUR-003,360° Tour,TourView,"As a user, I want a prompt to rotate my device for the best tour experience, so that I can see more detail","- Fullscreen suggestion shown\n- Device orientation detection\n- Prompt appears on portrait mode\n- Dismissable prompt\n- Auto-hides after timeout","- Already in landscape\n- Rotation lock enabled\n- Prompt dismissed quickly",fixed,"Share/fullscreen buttons non-functional, URL not sanitized before HTML embedding",test/features/tour/presentation/tour_view_test.dart,P2
ASSIST-001,AI Assistant,AssistantView,"As a user, I want to chat with an AI assistant about properties, so that I can get personalized recommendations","- Chat interface with message bubbles\n- Text input with send button\n- Messages sent to backend SSE endpoint\n- Streaming response with real-time display\n- Assistant messages formatted with Markdown","- Empty message send\n- Very long message\n- Network error during streaming\n- Multiple rapid messages\n- Special characters in message",fixed,"selectConversation no error handling, conversation_id type cast, swallowed errors in pagination, deleteConversation no loading, widget cache caches failures, stream subscription leak",test/features/assistant/presentation/controllers/assistant_controller_test.dart,P0
ASSIST-002,AI Assistant,AssistantView,"As a user, I want to see suggested prompts on first open, so that I know what to ask","- Suggested prompts shown on empty conversation\n- Tap suggested prompt sends it as message\n- Prompts relevant to property search\n- Prompts disappear after first message","- Prompts not loading\n- Tap prompt during loading\n- Very long suggested prompts",fixed,"selectConversation no error handling, conversation_id type cast, swallowed errors in pagination, deleteConversation no loading, widget cache caches failures, stream subscription leak",test/features/assistant/presentation/controllers/assistant_controller_test.dart,P1
ASSIST-003,AI Assistant,AssistantView,"As a user, I want to cancel a streaming AI response, so that I can stop unwanted output","- Cancel button appears during streaming\n- Tap stops the SSE stream\n- Partial response preserved\n- Input bar returns to normal state\n- API stream properly terminated","- Cancel immediately after send\n- Cancel during tool call\n- Cancel with very short response\n- Network drops during stream",fixed,"selectConversation no error handling, conversation_id type cast, swallowed errors in pagination, deleteConversation no loading, widget cache caches failures, stream subscription leak",test/features/assistant/presentation/controllers/assistant_controller_test.dart,P0
ASSIST-004,AI Assistant,AssistantView,"As a user, I want to see interactive property cards in chat, so that I can tap to view property details","- Widget bubbles render property cards\n- Cards show image, title, price\n- Tap card → PropertyDetailsView\n- Cards loaded from assistant tool calls\n- Multiple cards in single response","- Property card with missing image\n- Property no longer available\n- Very many cards in response\n- Card tap during streaming",fixed,"selectConversation no error handling, conversation_id type cast, swallowed errors in pagination, deleteConversation no loading, widget cache caches failures, stream subscription leak",test/features/assistant/presentation/controllers/assistant_controller_test.dart,P0
ASSIST-005,AI Assistant,AssistantView,"As a user, I want to start a new conversation or view history, so that I can manage my chats","- New conversation button\n- Conversation history with pagination\n- Delete conversation option\n- Cursor-based pagination\n- Loading states for history","- Empty history\n- Delete current conversation\n- Very long conversation history\n- History loading error",fixed,"selectConversation no error handling, conversation_id type cast, swallowed errors in pagination, deleteConversation no loading, widget cache caches failures, stream subscription leak",test/features/assistant/presentation/controllers/assistant_controller_test.dart,P1
PROF-001,Profile,ProfileView,"As a user, I want to view my profile, so that I can see my account info","- Profile header with avatar, name, email/phone\n- Profile completion progress bar\n- Settings menu items\n- Logout button at bottom\n- Version info","- Profile with minimal info\n- Very long name\n- Avatar not loaded\n- Progress bar at 0%",fixed,"Email edits silently discarded, double success toast, image picker stub, notification prefs local-only, theme not persisted immediately, theme names not localized, email support stub",test/features/profile/presentation/controllers/edit_profile_controller_test.dart,P0
PROF-002,Profile,EditProfileView,"As a user, I want to edit my profile, so that I can update my information","- Editable fields: name, email, location, DOB\n- Profile picture with camera overlay\n- Save button validates and submits\n- API: PUT /users/profile\n- Success toast and navigation back","- Empty required fields\n- Invalid email format\n- Very large profile picture\n- Network error during save\n- Upload failure for image",fixed,"Email edits silently discarded, double success toast, image picker stub, notification prefs local-only, theme not persisted immediately, theme names not localized, email support stub",test/features/profile/presentation/controllers/edit_profile_controller_test.dart,P0
PROF-003,Profile,PreferencesView,"As a user, I want to manage my notification preferences, so that I control what I receive","- Push notifications toggle\n- Email notifications toggle\n- Similar properties toggle\n- Preferences saved via PUT /users/preferences\n- Toggle state persisted","- Toggle during save\n- Rapid toggling\n- API error on save\n- Toggle doesn't persist",fixed,"Email edits silently discarded, double success toast, image picker stub, notification prefs local-only, theme not persisted immediately, theme names not localized, email support stub",test/features/profile/presentation/controllers/preferences_controller_test.dart,P1
PROF-004,Profile,PreferencesView,"As a user, I want to switch between light and dark themes, so that I can use my preferred appearance","- Theme selector: Light, Dark, System\n- Theme changes immediately\n- Persisted in GetStorage\n- System follows device setting\n- All screens respect theme","- Rapid theme switching\n- Theme during navigation\n- System theme change while app open\n- Theme persistence after restart",fixed,"Email edits silently discarded, double success toast, image picker stub, notification prefs local-only, theme not persisted immediately, theme names not localized, email support stub",test/features/profile/presentation/controllers/preferences_controller_test.dart,P1
PROF-005,Profile,PreferencesView,"As a user, I want to change the app language, so that I can use it in my preferred language","- Language selector: English, हिंदी\n- All text updates immediately\n- Persisted in GetStorage\n- GetX translations applied\n- ~2255 translation keys cover all text","- Switch during loading\n- Mixed language during transition\n- Missing translation keys\n- Language persistence after restart",fixed,"Email edits silently discarded, double success toast, image picker stub, notification prefs local-only, theme not persisted immediately, theme names not localized, email support stub",test/features/profile/presentation/controllers/preferences_controller_test.dart,P1
PROF-006,Profile,PrivacyView,"As a user, I want to change my password, so that I can keep my account secure","- Change password dialog\n- Current password, new password, confirm fields\n- Visibility toggles for all fields\n- Supabase updateUser called\n- Success/error feedback","- Wrong current password\n- New password same as current\n- Weak new password\n- Passwords don't match\n- Network error",fixed,"Email edits silently discarded, double success toast, image picker stub, notification prefs local-only, theme not persisted immediately, theme names not localized, email support stub",test/features/profile/presentation/controllers/profile_controller_test.dart,P0
PROF-007,Profile,PrivacyView,"As a user, I want to delete my account, so that I can remove my data from the platform","- Delete account button\n- Requires typing DELETE to confirm\n- API: DELETE /users/profile\n- All local data cleared\n- Redirect to splash/auth","- Typing delete incorrectly\n- Network error during deletion\n- Account deletion with pending visits\n- Confirmation UI clarity",fixed,"Email edits silently discarded, double success toast, image picker stub, notification prefs local-only, theme not persisted immediately, theme names not localized, email support stub",test/features/profile/data/profile_repository_test.dart,P0
PROF-008,Profile,FeedbackView,"As a user, I want to report a bug or request a feature, so that I can help improve the app","- Issue type dropdown (UI Bug, Functionality, Performance, Crash, Feature Request, Other)\n- Severity dropdown (Low/Medium/High/Critical)\n- Title, description, steps to reproduce\n- Expected/actual behavior fields\n- Tags\n- API: POST /bugs","- Empty required fields\n- Very long description\n- Submit during offline\n- All dropdown selections",fixed,"Email edits silently discarded, double success toast, image picker stub, notification prefs local-only, theme not persisted immediately, theme names not localized, email support stub",test/features/profile/presentation/controllers/feedback_controller_test.dart,P1
TOOL-001,Tools/Calculators,AreaConverterView,"As a user, I want to convert area between different units, so that I can understand property sizes","- Input field for value\n- Unit selector chips: sq ft, sq m, sq yd, acres, hectares, guntha, bigha, marla, kanal\n- Conversion results table updates in real-time\n- All conversions mathematically correct","- Zero input\n- Negative input\n- Very large numbers\n- Decimal precision\n- Unit with no standard conversion",fixed,"EMI chart flex overflow, tenure accepts decimals, no validation feedback, capital gains misclassification, no year validation, hardcoded years",test/features/tools/presentation/controllers/emi_calculator_controller_test.dart,P1
TOOL-002,Tools/Calculators,LoanEligibilityView,"As a user, I want to check my home loan eligibility, so that I can plan my budget","- Income, age, existing EMI fields\n- Credit score slider (300-900)\n- Interest rate slider (6-15%)\n- Results: max loan amount, eligible EMI, max tenure\n- Real-time calculation","- Zero income\n- Age below 18 or above 70\n- EMI exceeds income\n- Credit score at boundaries\n- Very high income values",fixed,"EMI chart flex overflow, tenure accepts decimals, no validation feedback, capital gains misclassification, no year validation, hardcoded years",test/features/tools/presentation/controllers/emi_calculator_controller_test.dart,P1
TOOL-003,Tools/Calculators,EmiCalculatorView,"As a user, I want to calculate EMI for a home loan, so that I can plan monthly payments","- Loan amount input\n- Interest rate input\n- Tenure with years/months segmented button\n- Results: monthly EMI, total interest, total payment\n- Breakdown chart visualization","- Zero loan amount\n- Zero interest rate\n- Very long tenure (30+ years)\n- Very small loan amount\n- Interest rate at 0.1%",fixed,"EMI chart flex overflow, tenure accepts decimals, no validation feedback, capital gains misclassification, no year validation, hardcoded years",test/features/tools/presentation/controllers/emi_calculator_controller_test.dart,P1
TOOL-004,Tools/Calculators,CarpetAreaView,"As a user, I want to calculate carpet area from super built-up area, so that I understand actual usable space","- Super built-up area input\n- Loading percentage slider (15-40%)\n- Results: carpet area, built-up area, super built-up, usable percentage\n- Real-time calculation","- Zero area\n- 100% loading (edge case)\n- Very large area values\n- Minimum loading percentage",fixed,"EMI chart flex overflow, tenure accepts decimals, no validation feedback, capital gains misclassification, no year validation, hardcoded years",test/features/tools/presentation/controllers/emi_calculator_controller_test.dart,P2
TOOL-005,Tools/Calculators,DocumentChecklistView,"As a user, I want a checklist of documents needed for property purchase, so that I can prepare properly","- 20+ documents across 5 categories (Identity, Financial, Property, Legal)\n- Progress bar showing completion\n- Checkbox items with descriptions\n- Progress persisted locally\n- Reset dialog to clear all","- All checked\n- None checked\n- Reset mid-progress\n- Very long document descriptions\n- State persistence across sessions",fixed,"EMI chart flex overflow, tenure accepts decimals, no validation feedback, capital gains misclassification, no year validation, hardcoded years",test/features/tools/presentation/controllers/emi_calculator_controller_test.dart,P2
TOOL-006,Tools/Calculators,CapitalGainsView,"As a user, I want to calculate capital gains tax on property sale, so that I understand my tax liability","- Purchase price and year inputs\n- Improvement cost input\n- Sale price and year inputs\n- Year dropdowns with validation\n- Results: indexed cost, capital gain, tax with/without indexation\n- Recommended option highlighted\n- Section 54 exemption info","- Sale before purchase year\n- Zero values\n- Very old purchase year\n- Same purchase and sale year\n- Negative improvement cost",fixed,"EMI chart flex overflow, tenure accepts decimals, no validation feedback, capital gains misclassification, no year validation, hardcoded years",test/features/tools/presentation/controllers/emi_calculator_controller_test.dart,P1
TOOL-007,Tools/Calculators,ToolsView,"As a user, I want a tools hub page, so that I can easily access all calculators","- 2-column grid of tool cards\n- Each card has icon, title, description\n- Tap navigates to specific tool\n- Clean layout with consistent styling","- Very long tool descriptions\n- Responsive layout on tablet\n- Back navigation from tool",fixed,"EMI chart flex overflow, tenure accepts decimals, no validation feedback, capital gains misclassification, no year validation, hardcoded years",test/features/tools/presentation/controllers/emi_calculator_controller_test.dart,P2
LOC-001,Location Search,LocationSearchView,"As a user, I want to search for a location using autocomplete, so that I can find places quickly","- Search bar with real-time autocomplete\n- Google Places API suggestions\n- Debounced API calls\n- Tap suggestion to select\n- Selected location returned to caller","- Empty search results\n- Very fast typing (debounce)\n- Network error during search\n- Google Places API quota exceeded\n- Special characters in search",fixed,"selectPlace no catch block, no concurrent guard, API failures show wrong state",test/features/location_search/presentation/controllers/location_search_controller_test.dart,P0
LOC-002,Location Search,LocationSearchView,"As a user, I want to use my current GPS location, so that I can search near where I am","- 'Use Current Location' tile at top\n- Requests permission if needed\n- GPS coordinates reverse-geocoded\n- Loading indicator during location fetch\n- Error state if GPS unavailable","- GPS disabled\n- Permission denied\n- Indoor location (poor accuracy)\n- Location fetch timeout\n- Reverse geocoding failure",fixed,"selectPlace no catch block, no concurrent guard, API failures show wrong state",test/features/location_search/presentation/controllers/location_search_controller_test.dart,P0
LOC-003,Location Search,LocationSearchView,"As a user, I want to see popular cities, so that I can quickly select a major city","- Popular cities section below search\n- Common Indian cities listed\n- Tap to select city\n- Cities loaded from config/cache","- No cities available\n- City list loading failure\n- Select city during search",fixed,"selectPlace no catch block, no concurrent guard, API failures show wrong state",test/features/location_search/presentation/controllers/location_search_controller_test.dart,P2
NOTIF-001,Notifications,PushNotificationsService,"As a user, I want to receive push notifications about property updates, so that I stay informed","- FCM token registered on login\n- Device token sent to backend\n- Foreground messages shown as local notifications\n- Background messages handled by FCM\n- Notification tap navigates to relevant screen","- Permission denied\n- Token registration failure\n- Notification while app killed\n- Multiple rapid notifications\n- Token refresh",partial,"Known issues documented: iOS notification check always returns true, notification ID collision risk, 500ms delay race condition — infrastructure issues requiring platform-level fixes",test/features/notifications/data/notifications_remote_datasource_test.dart,P0
NOTIF-002,Notifications,PushNotificationsService,"As a user, I want notification taps to take me to the relevant screen, so that I can act on notifications","- Deep link from notification payload\n- Navigate to property/visit/etc\n- Handle app cold start from notification\n- Handle foreground notification tap\n- Handle background notification tap","- Invalid deep link in payload\n- Target content deleted\n- App in killed state\n- Malformed notification data",partial,"Known issues documented: iOS notification check always returns true, notification ID collision risk, 500ms delay race condition — infrastructure issues requiring platform-level fixes",test/features/notifications/data/notifications_remote_datasource_test.dart,P0
NOTIF-003,Notifications,PushNotificationsService,"As a user, I want to control notification permissions, so that I can manage my privacy","- Permission request on first relevant action\n- Graceful handling of denied permission\n- Settings redirect for permanently denied\n- Token unregistration on logout","- Permission revoked after granting\n- Permission dialog dismissed\n- Settings page redirect\n- Re-grant after denial",partial,"Known issues documented: iOS notification check always returns true, notification ID collision risk, 500ms delay race condition — infrastructure issues requiring platform-level fixes",test/features/notifications/data/notifications_remote_datasource_test.dart,P1
DEEP-001,Deep Linking,DeepLinkService,"As a user, I want to open a shared property link, so that I can view a property someone sent me","- app_links package handles incoming links\n- /p/:id and /property/:id patterns matched\n- Navigates to PropertyDetailsView\n- Works when app is running, background, or killed\n- No auth required for viewing","- Invalid property ID\n- Property deleted\n- Very slow app cold start\n- Link format variations\n- Network error loading property",pass,"No issues found in code review",,P0
DEEP-002,Deep Linking,DeepLinkService,"As a user, I want OAuth login callbacks to work via deep links, so that social login completes properly","- ghar360://login-callback handled\n- Supabase session established\n- Auth state updates correctly\n- Navigation to appropriate screen post-OAuth","- OAuth callback with error\n- Callback arrives very late\n- App killed during OAuth\n- Multiple callback attempts",pass,"No issues found in code review",,P0
DEEP-003,Deep Linking,DeepLinkService,"As a user, I want deep links to work when the app is cold-started, so that shared links always open correctly","- App launched from deep link\n- Link processed after initialization\n- Navigation occurs after auth check\n- Loading state while processing","- Very slow cold start\n- Auth required for linked content\n- Multiple deep links queued\n- Link processed before init complete",pass,"No issues found in code review",,P0
CORE-001,Core Infrastructure,ThemeController,"As a user, I want the app to support light and dark themes, so that I can use it comfortably in different environments","- Light and dark themes defined in AppDesignTheme\n- Theme toggle in Preferences\n- System theme auto-detection\n- Theme persisted in GetStorage\n- All widgets respect current theme","- Theme during page transition\n- Theme with custom colors\n- System theme change notification\n- Rapid theme switching",fixed,"AppToast null context crash, AuthMiddleware missing requiresPasswordSetup, AuthNavigationService force-unwrap, media upload silent failures, auth status transition too narrow",test/core/controllers/auth_controller_test.dart,P1
CORE-002,Core Infrastructure,LocalizationController,"As a user, I want to use the app in English or Hindi, so that I can read in my preferred language","- English and Hindi translations\n- ~2255 translation keys\n- Language switch in Preferences\n- GetX localization system\n- Persisted in GetStorage","- Missing translation keys\n- Mixed language during switch\n- Language persistence across sessions\n- RTL considerations for Hindi",fixed,"AppToast null context crash, AuthMiddleware missing requiresPasswordSetup, AuthNavigationService force-unwrap, media upload silent failures, auth status transition too narrow",test/core/services/auth_navigation_service_test.dart,P1
CORE-003,Core Infrastructure,Responsive,"As a user, I want the app to adapt to my screen size, so that it looks good on any device","- WindowSizeClass: compact/medium/expanded/large\n- Phone: single column layouts\n- Tablet: two-pane layouts for Explore, Property Details\n- Desktop: max-width containers\n- Responsive grid for lists","- Screen rotation\n- Split view on iPad\n- Foldable devices\n- Dynamic resize",fixed,"AppToast null context crash, AuthMiddleware missing requiresPasswordSetup, AuthNavigationService force-unwrap, media upload silent failures, auth status transition too narrow",test/core/middlewares/auth_middleware_test.dart,P1
CORE-004,Core Infrastructure,OfflineQueueService,"As a user, I want my swipe actions to be queued when offline, so that I don't lose my interactions","- Failed swipes queued in offline queue\n- Queue processed when connectivity restored\n- No duplicate swipes on retry\n- Queue persisted across app restarts\n- Connectivity monitoring via connectivity_plus","- Very large queue\n- Queue during app killed\n- Connectivity flapping\n- Queue item expires\n- Retry with stale data",fixed,"AppToast null context crash, AuthMiddleware missing requiresPasswordSetup, AuthNavigationService force-unwrap, media upload silent failures, auth status transition too narrow",test/core/utils/formatters_test.dart,P1
CORE-005,Core Infrastructure,AuthController,"As a user, I want my session to persist across app restarts, so that I don't have to log in every time","- Supabase session auto-refresh\n- Token refresh on app foreground\n- Logout on refresh failure\n- Session persisted by Supabase SDK\n- Auth state stream updates","- Very long session (token expiry)\n- Network error during refresh\n- Session invalidated server-side\n- Multiple refresh attempts\n- App killed during refresh",fixed,"AppToast null context crash, AuthMiddleware missing requiresPasswordSetup, AuthNavigationService force-unwrap, media upload silent failures, auth status transition too narrow",test/core/controllers/auth_controller_test.dart,P0
HELP-001,Profile/Settings,HelpView,"As a user, I want to access help and support resources","Quick actions visible; FAQ expansion; contact info displayed; email support launches mailto","Help content loading failure; empty FAQ section",fixed,"Email support stub implemented with mailto launcher; remaining quick actions are informational stubs",test/features/profile/presentation/controllers/profile_controller_test.dart,P2
ABOUT-001,Profile/Settings,AboutView,"As a user, I want to see app information and version details","App logo, tagline, features list, version/build info displayed","Version info loading failure; platform info unavailable",pass,"No issues found in code review",test/features/profile/presentation/controllers/profile_controller_test.dart,P2